종목명,종목코드
AK홀딩스,a006840
BGF,a027410
BGF리테일,a282330
BNK금융지주,a138930
CJ,a001040
CJ CGV,a079160
CJ대한통운,a000120
CJ제일제당,a097950
DB손해보험,a005830
DB하이텍,a000990
GKL,a114090
GS,a078930
GS건설,a006360
GS리테일,a007070
HDC,a012630
HDC현대산업개발,a294870
JW중외제약,a001060
JW홀딩스,a096760
KB금융,a105560
KCC,a002380
KT,a030200
KT&G,a033780
LF,a093050
LG,a003550
LG디스플레이,a034220
LG상사,a001120
LG생활건강,a051900
LG유플러스,a032640
LG이노텍,a011070
LG전자,a066570
LG하우시스,a108670
LG화학,a051910
LIG넥스원,a079550
LS,a006260
LS산전,a010120
NAVER,a035420
NH투자증권,a005940
OCI,a010060
POSCO,a005490
S&T모티브,a064960
S-Oil,a010950
SBS,a034120
SK,a034730
SKC,a011790
SK네트웍스,a001740
SK디스커버리,a006120
SK이노베이션,a096770
SK케미칼,a285130
SK텔레콤,a017670
SK하이닉스,a000660
SPC삼립,a005610
강원랜드,a035250
고려아연,a010130
고려제강,a002240
금호석유,a011780
금호타이어,a073240
기아차,a000270
기업은행,a024110
남양유업,a003920
남해화학,a025860
넥센타이어,a002350
넷마블,a251270
녹십자,a006280
녹십자홀딩스,a005250
농심,a004370
대교,a019680
대덕전자,a008060
대림산업,a000210
대상,a001680
대우건설,a047040
대우조선해양,a042660
대웅제약,a069620
대한유화,a006650
대한항공,a003490
동국제강,a001230
동서,a026960
동아쏘시오홀딩스,a000640
동아에스티,a170900
동양,a001520
동원F&B,a049770
동원시스템즈,a014820
두산,a000150
두산밥캣,a241560
두산인프라코어,a042670
두산중공업,a034020
락앤락,a115390
롯데쇼핑,a023530
롯데정밀화학,a004000
롯데지주,a004990
롯데칠성,a005300
롯데케미칼,a011170
롯데푸드,a002270
롯데하이마트,a071840
만도,a204320
메리츠종금증권,a008560
무학,a033920
미래에셋대우,a006800
보령제약,a003850
부광약품,a003000
빙그레,a005180
삼성SDI,a006400
삼성물산,a028260
삼성바이오로직스,a207940
삼성생명,a032830
삼성에스디에스,a018260
삼성엔지니어링,a028050
삼성전기,a009150
삼성전자,a005930
삼성중공업,a010140
삼성증권,a016360
삼성카드,a029780
삼성화재,a000810
삼양사,a145990
삼양홀딩스,a000070
세방전지,a004490
세아베스틸,a001430
셀트리온,a068270
신세계,a004170
신한지주,a055550
쌍용양회,a003410
쌍용차,a003620
아모레G,a002790
아모레퍼시픽,a090430
아이에스동서,a010780
에스엘,a005850
에스원,a012750
엔씨소프트,a036570
영원무역,a111770
영진약품,a003520
영풍,a000670
오뚜기,a007310
오리온,a271560
오리온홀딩스,a001800
우리은행,a000030
유니드,a014830
유한양행,a000100
이노션,a214320
이마트,a139480
일양약품,a007570
일진머티리얼즈,a020150
제일기획,a030000
종근당,a185750
카카오,a035720
코스맥스,a192820
코오롱인더,a120110
코웨이,a021240
쿠쿠홀딩스,a192400
태광산업,a003240
팜스코,a036580
팬오션,a028670
포스코대우,a047050
풍산,a103140
하나금융지주,a086790
하이트진로,a000080
한국가스공사,a036460
한국금융지주,a071050
한국단자,a025540
한국쉘석유,a002960
한국전력,a015760
한국콜마,a161890
한국타이어,a161390
한국타이어월드와이드,a000240
한국항공우주,a047810
한라홀딩스,a060980
한미사이언스,a008930
한미약품,a128940
한샘,a009240
한섬,a020000
한세실업,a105630
한솔케미칼,a014680
한온시스템,a018880
한올바이오파마,a009420
한일홀딩스,a003300
한전KPS,a051600
한전기술,a052690
한진중공업,a097230
한화,a000880
한화생명,a088350
한화에어로스페이스,a012450
한화케미칼,a009830
현대건설,a000720
현대그린푸드,a005440
현대글로비스,a086280
현대로템,a064350
현대리바트,a079430
현대모비스,a012330
현대미포조선,a010620
현대백화점,a069960
현대엘리베이,a017800
현대위아,a011210
현대제철,a004020
현대중공업,a009540
현대중공업지주,a267250
현대차,a005380
현대해상,a001450
현대홈쇼핑,a057050
호텔신라,a008770
효성,a004800
효성중공업,a298040
후성,a093370
휴켐스,a069260
